{
    "model_name": "LSTM",
    "train_time": "2026-03-27 19:48:31",
    "random_seed": 42,
    "hyperparameters": {
        "embedding_dim": 64,
        "lstm_units": 64,
        "dropout_rate": 0.3,
        "batch_size": 128,
        "epochs": 30,
        "learning_rate": 0.001,
        "max_sequence_length": 50,
        "vocab_size": 52740
    },
    "best_epoch": 1,
    "best_val_auc": 0.7740298738924183,
    "test_metrics": {
        "accuracy": 0.6861091490925865,
        "f1_score": 0.20273899377401564,
        "roc_auc": 0.7740298738924183
    },
    "confusion_matrix": [
        [
            896575,
            414444
        ],
        [
            21067,
            55374
        ]
    ],
    "training_history": {
        "loss": [
            0.5911694169044495,
            0.535576343536377,
            0.49498817324638367,
            0.46518102288246155,
            0.4426470696926117,
            0.4270828068256378
        ],
        "val_loss": [
            0.6337308883666992,
            0.6071419715881348,
            0.5902559757232666,
            0.5866153240203857,
            0.5864432454109192,
            0.5923063158988953
        ],
        "accuracy": [
            0.7272599339485168,
            0.7375691533088684,
            0.7509996294975281,
            0.7606987953186035,
            0.7663375735282898,
            0.7675870060920715
        ],
        "val_accuracy": [
            0.6858235001564026,
            0.6880513429641724,
            0.7028669118881226,
            0.7013389468193054,
            0.700192928314209,
            0.7030182480812073
        ],
        "auc": [
            0.7504853010177612,
            0.806962251663208,
            0.8393513560295105,
            0.8597694039344788,
            0.8734003901481628,
            0.8820765614509583
        ],
        "val_auc": [
            0.7733039259910583,
            0.7696689367294312,
            0.7539388537406921,
            0.7341341376304626,
            0.734154462814331,
            0.727579653263092
        ]
    }
}