{
    "model_name": "LSTM",
    "timestamp": "2026-04-01 19:43:01",
    "training_time_seconds": 1760.2623841762543,
    "random_seed": 42,
    "hyperparameters": {
        "embedding_dim": 64,
        "lstm_units": 64,
        "dropout_rate": 0.3,
        "batch_size": 128,
        "epochs": 30,
        "learning_rate": 0.001,
        "max_sequence_length": 9,
        "vocab_size": 52740,
        "use_fast_training": true
    },
    "best_epoch": 10,
    "best_val_auc": 0.768471896648407,
    "test_metrics": {
        "accuracy": 0.6937958571778646,
        "f1_score": 0.2054497849261268,
        "roc_auc": 0.7734486855990174,
        "precision": 0.11986016641244363,
        "recall": 0.7185541790400439
    },
    "confusion_matrix": [
        [
            907687,
            403332
        ],
        [
            21514,
            54927
        ]
    ],
    "training_history": {
        "loss": [
            0.5246290564537048,
            0.4962787628173828,
            0.47378551959991455,
            0.4557574391365051,
            0.43874698877334595,
            0.42646846175193787,
            0.4167739450931549,
            0.4066096544265747,
            0.397494912147522,
            0.39270681142807007
        ],
        "val_loss": [
            0.5766775608062744,
            0.5610318779945374,
            0.5503484010696411,
            0.5553956627845764,
            0.5473519563674927,
            0.5537797212600708,
            0.5638464093208313,
            0.5705896615982056,
            0.547815203666687,
            0.5487536191940308
        ],
        "accuracy": [
            0.726515531539917,
            0.7400062680244446,
            0.7475354671478271,
            0.7566600441932678,
            0.7622941732406616,
            0.7655174732208252,
            0.7691283822059631,
            0.7731918096542358,
            0.7758142948150635,
            0.7795039415359497
        ],
        "val_accuracy": [
            0.7111237049102783,
            0.7109600901603699,
            0.7116376161575317,
            0.7102372050285339,
            0.7237626314163208,
            0.7136196494102478,
            0.7135511636734009,
            0.7059170603752136,
            0.7306262850761414,
            0.7399368286132812
        ],
        "auc": [
            0.8157126903533936,
            0.8374175429344177,
            0.8529101610183716,
            0.8645285964012146,
            0.8744379281997681,
            0.8808125257492065,
            0.8863617181777954,
            0.8916478157043457,
            0.8963141441345215,
            0.8990778923034668
        ],
        "val_auc": [
            0.768471896648407,
            0.7586674690246582,
            0.7467343807220459,
            0.7386480569839478,
            0.7310865521430969,
            0.729492723941803,
            0.722569465637207,
            0.7254445552825928,
            0.7182626128196716,
            0.7157711386680603
        ]
    }
}