Model,Val AUC,Test Accuracy,Test F1,Test ROC-AUC,Best Epoch
LSTM (Baseline),0.7818423509597778,0.7312909921727473,0.220979190478479,0.7821687298190289,2
GRU,0.7813498377799988,0.7409143326654463,0.22388133818401648,0.7815729650380274,2
Bidirectional LSTM,0.7831188440322876,0.734146569991207,0.22290574234147306,0.7836128581994435,1
Stacked LSTM (2 layers),0.7812286019325256,0.7216748590950369,0.2171754541381764,0.7813850101301598,2
